{
    "epochs": [
        1,
        2,
        3,
        4,
        5,
        6,
        7,
        8,
        9,
        10,
        11,
        12,
        13,
        14,
        15,
        16,
        17,
        18,
        19,
        20,
        21,
        22,
        23,
        24,
        25
    ],
    "train_losses": [
        0.2709367209010654,
        0.26310138238800895,
        0.2522652397553126,
        0.23857715891467202,
        0.21886333492067125,
        0.20058108038372463,
        0.1816275268793106,
        0.16194219307767022,
        0.15096222733457884,
        0.12813319928116268,
        0.13437011424038145,
        0.12565789951218498,
        0.115751420872079,
        0.11865285245908631,
        0.09920988376769754,
        0.08605521130892965,
        0.09434755622512764,
        0.08901034605999787,
        0.0776519106907977,
        0.07142664719786909,
        0.06708988588717249,
        0.07232699243144856,
        0.06350962124350998,
        0.058526776627533965,
        0.059579771736429796
    ],
    "val_losses": [
        0.26857776443163556,
        0.26001015802224475,
        0.2514962951342265,
        0.23857019593318304,
        0.22308669735987982,
        0.20826191951831183,
        0.19647386173407236,
        0.16258089989423752,
        0.1479581023255984,
        0.1272508663435777,
        0.11491900309920311,
        0.12365878621737163,
        0.10608801494042079,
        0.09910409773389499,
        0.09098549311359723,
        0.08226653064290683,
        0.07832903601229191,
        0.07825285134216149,
        0.07161035140355428,
        0.06792997506757577,
        0.05980916631718477,
        0.06775590653220813,
        0.055210877830783524,
        0.06653332772354285,
        0.07622913271188736
    ],
    "train_accuracies": [
        52.90628706998813,
        62.7520759193357,
        71.64887307236062,
        74.73309608540926,
        82.56227758007117,
        87.78173190984579,
        93.23843416370107,
        96.20403321470937,
        96.08540925266904,
        98.45788849347569,
        96.55990510083036,
        97.86476868327402,
        98.22064056939502,
        98.45788849347569,
        98.22064056939502,
        99.40688018979834,
        99.05100830367735,
        98.81376037959669,
        99.28825622775801,
        99.40688018979834,
        99.05100830367735,
        99.16963226571768,
        99.644128113879,
        99.52550415183867,
        99.28825622775801
    ],
    "val_accuracies": [
        54.83870967741935,
        62.365591397849464,
        69.17562724014337,
        74.91039426523297,
        77.77777777777779,
        86.02150537634408,
        89.96415770609319,
        94.26523297491039,
        96.05734767025089,
        96.7741935483871,
        96.7741935483871,
        96.415770609319,
        98.9247311827957,
        98.56630824372759,
        99.2831541218638,
        99.2831541218638,
        98.9247311827957,
        98.56630824372759,
        99.2831541218638,
        98.56630824372759,
        99.2831541218638,
        98.9247311827957,
        98.9247311827957,
        98.56630824372759,
        97.84946236559139
    ],
    "train_f1s": [
        0.6721262031446166,
        0.7531709467089339,
        0.8229453274479089,
        0.8449234103947535,
        0.8975256146975017,
        0.9302032303250058,
        0.9623905272497556,
        0.9788914698020496,
        0.9781723771715516,
        0.9915082183857145,
        0.9806488582997884,
        0.9881785799751822,
        0.990082514734774,
        0.9914263364025957,
        0.9900933042052378,
        0.9967279309384572,
        0.9947347291705269,
        0.9934117695883135,
        0.9960392981914339,
        0.9967149115682042,
        0.9947503306878307,
        0.9954077617627567,
        0.9980119284294234,
        0.9973749618904408,
        0.9960626106906321
    ],
    "val_f1s": [
        0.6590541878213111,
        0.7491426089507113,
        0.805404098845432,
        0.8478971380401203,
        0.8670424646034403,
        0.9205580249532074,
        0.9436141594401385,
        0.9689041881812966,
        0.9789338203052861,
        0.9828352642832282,
        0.9828352642832282,
        0.9806818514258615,
        0.9942766295707473,
        0.9923273118319558,
        0.9961238999876055,
        0.9961238999876055,
        0.9940828402366865,
        0.992133522497895,
        0.9961238999876055,
        0.9921560579630833,
        0.9961238999876055,
        0.9941972487341489,
        0.994151649098946,
        0.9922926133832308,
        0.9884166443909828
    ],
    "train_recalls": [
        0.5234376471031276,
        0.6134884071240936,
        0.7016952191784601,
        0.7318435056993362,
        0.8163839878231999,
        0.8707531942862573,
        0.9324821002177619,
        0.9650951509554506,
        0.9599714190254619,
        0.9858015787627639,
        0.9648221275507546,
        0.9805413351304272,
        0.9830195644149132,
        0.98692629506583,
        0.9830503260735819,
        0.9948012796850007,
        0.9934477667035807,
        0.989541036052664,
        0.9947397563676633,
        0.994770518026332,
        0.9921865386981666,
        0.9921865386981666,
        0.9973544973544973,
        0.994770518026332,
        0.9934785283622493
    ],
    "val_recalls": [
        0.5523135685882256,
        0.6109752928428186,
        0.6815007673486999,
        0.738848437599596,
        0.7689353710976764,
        0.8562047374588745,
        0.8969350180682425,
        0.9433829045496669,
        0.962562209179746,
        0.9700680071978779,
        0.9700680071978779,
        0.9658546989688599,
        0.992494201981868,
        0.9886182329896199,
        1.0,
        1.0,
        0.9921568627450981,
        0.98828089375285,
        1.0,
        0.9921568627450981,
        1.0,
        1.0,
        0.996078431372549,
        1.0,
        0.996078431372549
    ]
}