{
    "epochs": [
        1,
        2,
        3,
        4,
        5,
        6,
        7,
        8,
        9,
        10,
        11,
        12,
        13,
        14,
        15,
        16,
        17,
        18,
        19,
        20,
        21,
        22,
        23,
        24,
        25
    ],
    "train_losses": [
        0.1643658916776379,
        0.08944656104884213,
        0.050026997788033135,
        0.028326626825017028,
        0.03233667024243106,
        0.03295590018387884,
        0.03342873448127648,
        0.029495042231347825,
        0.06802111166891539,
        0.024401610458476677,
        0.011988506788232675,
        0.005020732726229148,
        0.004289313800351617,
        0.006167955041342389,
        0.00824037808140727,
        0.0012778294110628646,
        0.0004807175829329127,
        0.0003526038742873223,
        0.00039096294070380583,
        0.00032733125903582224,
        0.00021295157365683635,
        0.00010522502174757796,
        5.919210540620649e-05,
        5.1978210750449863e-05,
        5.153630920378621e-05
    ],
    "val_losses": [
        0.11310133803635836,
        0.05988388198117415,
        0.08806919741133849,
        0.04912564484402537,
        0.07342897541821003,
        0.05531131681830933,
        0.05473598694273581,
        0.045402757551831506,
        0.08459072614399095,
        0.06161947804503143,
        0.04039600968826562,
        0.09284613098134287,
        0.11385310379167397,
        0.06764335745053056,
        0.060351017714613896,
        0.06052159233028457,
        0.09382730807798605,
        0.0873444588505663,
        0.08166170671029249,
        0.06186811820437773,
        0.08117068957835727,
        0.09348609432587789,
        0.09682671597875014,
        0.09627298269242601,
        0.09723653311812086
    ],
    "train_accuracies": [
        88.01897983392647,
        95.01779359430606,
        95.9667852906287,
        97.74614472123369,
        97.74614472123369,
        97.3902728351127,
        97.86476868327402,
        98.10201660735468,
        97.86476868327402,
        98.81376037959669,
        99.40688018979834,
        99.88137603795967,
        99.644128113879,
        99.644128113879,
        99.40688018979834,
        100.0,
        100.0,
        100.0,
        100.0,
        100.0,
        100.0,
        100.0,
        100.0,
        100.0,
        100.0
    ],
    "val_accuracies": [
        94.6236559139785,
        97.4910394265233,
        89.6057347670251,
        96.05734767025089,
        97.84946236559139,
        97.1326164874552,
        97.84946236559139,
        97.4910394265233,
        95.3405017921147,
        94.26523297491039,
        98.56630824372759,
        96.7741935483871,
        96.05734767025089,
        96.05734767025089,
        97.4910394265233,
        97.4910394265233,
        97.84946236559139,
        97.84946236559139,
        97.4910394265233,
        97.84946236559139,
        97.4910394265233,
        97.1326164874552,
        97.4910394265233,
        97.4910394265233,
        97.4910394265233
    ],
    "train_f1s": [
        0.934788775586727,
        0.9727580416743361,
        0.9773364783883718,
        0.9873936429031707,
        0.9874050504577855,
        0.9852975286774629,
        0.988125,
        0.9894432756213528,
        0.9882145789361455,
        0.9934328909121669,
        0.9966996699669967,
        0.9993373094764745,
        0.9980247295607215,
        0.9980582524271844,
        0.9966967083123816,
        1.0,
        1.0,
        1.0,
        1.0,
        1.0,
        1.0,
        1.0,
        1.0,
        1.0,
        1.0
    ],
    "val_f1s": [
        0.9719833448412948,
        0.9866228790366721,
        0.936969696969697,
        0.9781848068568745,
        0.9883716999628165,
        0.9843577202403347,
        0.9883716999628165,
        0.9864892115345837,
        0.9753030303030302,
        0.967156862745098,
        0.992133522497895,
        0.9827884104199893,
        0.9790024522683481,
        0.977922077922078,
        0.9864200049876443,
        0.9862831452426827,
        0.9885026737967916,
        0.9885026737967916,
        0.9864892115345837,
        0.9883024934158771,
        0.9864200049876443,
        0.984559030712877,
        0.9865546218487395,
        0.9865546218487395,
        0.9865546218487395
    ],
    "train_recalls": [
        0.9285753695668452,
        0.9802817767934048,
        0.9659776055124892,
        0.9790513104466593,
        0.9828965177802388,
        0.9763442844838194,
        0.9829888027562447,
        0.9881567614125754,
        0.9894795127353267,
        0.9934477667035807,
        0.9973544973544973,
        0.9986772486772487,
        0.9960625076904147,
        0.9974160206718347,
        0.9947397563676633,
        1.0,
        1.0,
        1.0,
        1.0,
        1.0,
        1.0,
        1.0,
        1.0,
        1.0,
        1.0
    ],
    "val_recalls": [
        1.0,
        1.0,
        0.8905152758777929,
        0.968764249886001,
        0.992202462380301,
        0.984359325125399,
        0.992202462380301,
        0.992202462380301,
        0.992202462380301,
        0.945234838121295,
        0.98828089375285,
        0.992202462380301,
        0.992202462380301,
        0.9609667122663019,
        0.98828089375285,
        0.984359325125399,
        0.996078431372549,
        0.996078431372549,
        0.992202462380301,
        0.98828089375285,
        0.98828089375285,
        0.98828089375285,
        0.992202462380301,
        0.992202462380301,
        0.992202462380301
    ]
}