{
    "epochs": [
        1,
        2,
        3,
        4,
        5,
        6,
        7,
        8,
        9,
        10
    ],
    "train_losses": [
        0.2491288176841206,
        0.09013499298857318,
        0.04626239768953787,
        0.008359324342260758,
        -0.01777929610883196,
        -0.027531021792027686,
        -0.039246144601040416,
        -0.043403331643073924,
        -0.049151750488413706,
        -0.052742386521357626
    ],
    "val_losses": [
        0.134122417618831,
        0.15748722975452742,
        0.05150258789459864,
        0.057756293254594006,
        0.16646338564654192,
        0.005849788586298625,
        0.007913754787296057,
        -0.008535963483154774,
        0.008323917631059885,
        0.010771320822338263
    ],
    "train_accuracies": [
        89.58333333333334,
        93.86574074074075,
        96.99074074074075,
        97.91666666666666,
        98.49537037037037,
        98.49537037037037,
        98.8425925925926,
        98.61111111111111,
        98.8425925925926,
        98.8425925925926
    ],
    "val_accuracies": [
        93.33333333333333,
        92.28070175438596,
        96.49122807017544,
        95.78947368421052,
        89.82456140350877,
        97.19298245614036,
        97.19298245614036,
        97.54385964912281,
        97.19298245614036,
        96.14035087719299
    ]
}