{
    "epochs": [
        1,
        2,
        3,
        4,
        5,
        6,
        7,
        8,
        9,
        10,
        11,
        12,
        13,
        14,
        15,
        16,
        17,
        18,
        19,
        20,
        21,
        22,
        23,
        24,
        25
    ],
    "train_losses": [
        0.019388140602334007,
        0.013712798018888053,
        0.028224559070723545,
        0.01012435811248401,
        0.0062954348767460845,
        0.0019049881628032178,
        0.0018592559290482313,
        0.01904109386709428,
        0.016367158850092284,
        0.00758371246128162,
        0.0019572599412640557,
        0.000841764882049271,
        0.0007270380826109127,
        0.003338707137951739,
        0.0021123534034409707,
        0.03690057294948525,
        0.004417689918126497,
        0.0008152219652401982,
        0.006752635490455659,
        0.003128243615517729,
        0.000589195132003321,
        0.0022817569060862297,
        0.0018108196917536487,
        0.0020641719517395054,
        9.852112766061004e-05
    ],
    "val_losses": [
        0.027526992838829756,
        0.06946437867979209,
        0.04257149598561227,
        0.036267220023243375,
        0.03603821674672266,
        0.1128127648262307,
        0.17808188650269585,
        0.10689810139592737,
        0.03528353160557648,
        0.035000244698797665,
        0.07688285403613311,
        0.04437304090909796,
        0.04466197820723513,
        0.044884560935922004,
        0.2548617003000497,
        0.08736439949522416,
        0.05333717213943601,
        0.11261112000405167,
        0.03646542589801053,
        0.07278641070539986,
        0.07889791871518052,
        0.06996199999351423,
        0.058443601782679856,
        0.06451312860599501,
        0.06799679325589143
    ],
    "train_accuracies": [
        99.16963226571768,
        99.28825622775801,
        98.10201660735468,
        99.28825622775801,
        99.644128113879,
        100.0,
        99.88137603795967,
        99.05100830367735,
        98.93238434163702,
        99.52550415183867,
        99.88137603795967,
        100.0,
        100.0,
        99.88137603795967,
        99.76275207591934,
        97.74614472123369,
        99.76275207591934,
        100.0,
        99.88137603795967,
        99.76275207591934,
        100.0,
        99.76275207591934,
        99.88137603795967,
        99.76275207591934,
        100.0
    ],
    "val_accuracies": [
        98.2078853046595,
        94.98207885304659,
        96.7741935483871,
        97.84946236559139,
        98.9247311827957,
        97.4910394265233,
        96.415770609319,
        97.1326164874552,
        96.415770609319,
        98.9247311827957,
        97.84946236559139,
        98.9247311827957,
        97.1326164874552,
        98.56630824372759,
        96.05734767025089,
        95.3405017921147,
        97.4910394265233,
        95.6989247311828,
        96.7741935483871,
        97.84946236559139,
        98.2078853046595,
        97.1326164874552,
        98.56630824372759,
        98.56630824372759,
        98.2078853046595
    ],
    "train_f1s": [
        0.9953611663353215,
        0.9960832149548103,
        0.9895132131189471,
        0.9960469406421009,
        0.9980039920159681,
        1.0,
        0.9993373094764745,
        0.9947709390822123,
        0.9940506583731761,
        0.9973799890875773,
        0.9993373094764745,
        1.0,
        1.0,
        0.9993373094764745,
        0.9987029831387808,
        0.9875507009821743,
        0.9986772486772487,
        1.0,
        0.9993399339933994,
        0.99867197875166,
        1.0,
        0.99867197875166,
        0.9993399339933994,
        0.99867197875166,
        1.0
    ],
    "val_f1s": [
        0.9901141743247006,
        0.9716916446272896,
        0.9821768228249383,
        0.9880931778062373,
        0.9941972487341489,
        0.9866438956034331,
        0.9810599946193167,
        0.9847619047619047,
        0.9802031656035908,
        0.994151649098946,
        0.9884377610693399,
        0.9941972487341489,
        0.9840758382366676,
        0.9922926133832308,
        0.97922016777949,
        0.9755813707441968,
        0.9864677151946947,
        0.9774004085801838,
        0.9823571248307982,
        0.9884393063583815,
        0.9903882355546697,
        0.9844730644852335,
        0.992133522497895,
        0.992133522497895,
        0.9902068712444384
    ],
    "train_recalls": [
        0.9947089947089948,
        0.9948012796850007,
        0.9869570567244986,
        0.9934477667035807,
        0.996031746031746,
        1.0,
        0.9986772486772487,
        0.9935092900209179,
        0.9920942537221608,
        0.9960625076904147,
        0.9986772486772487,
        1.0,
        1.0,
        0.9986772486772487,
        0.9974160206718347,
        0.9856343054017472,
        0.9986772486772487,
        1.0,
        1.0,
        0.9973544973544973,
        1.0,
        0.9973544973544973,
        1.0,
        0.9973544973544973,
        1.0
    ],
    "val_recalls": [
        0.984359325125399,
        0.9492932056543548,
        0.9726858185134519,
        0.9843137254901961,
        1.0,
        1.0,
        1.0,
        1.0,
        0.9688098495212039,
        0.996078431372549,
        0.996078431372549,
        1.0,
        0.9765161878704971,
        1.0,
        1.0,
        1.0,
        0.992202462380301,
        1.0,
        0.9804377564979481,
        0.9961240310077519,
        1.0,
        0.98828089375285,
        0.98828089375285,
        0.98828089375285,
        0.98828089375285
    ]
}